City_ID,City,Country,Date,Lat,Lng,Max Temp,Humidity,Cloudiness,Wind Speed
0,Mahebourg,MU,2021-11-22 21:25:30,-20.4081,57.7,73.69,83,40,2.3
1,Saint-Louis,SN,2021-11-22 21:25:30,16.3333,-15.0,85.64,15,90,8.86
2,Albany,US,2021-11-22 21:21:32,42.6001,-73.9662,39.09,54,68,1.01
3,Punta Arenas,CL,2021-11-22 21:22:11,-53.15,-70.9167,48.31,40,75,23.02
4,Camacha,PT,2021-11-22 21:25:31,33.0833,-16.3333,65.62,88,40,8.05
5,Koster,ZA,2021-11-22 21:25:31,-25.863,26.8976,58.41,85,100,4.36
6,Cape Town,ZA,2021-11-22 21:21:03,-33.9258,18.4232,65.1,59,0,23.02
7,Oussouye,SN,2021-11-22 21:25:32,12.485,-16.5469,80.78,74,100,5.88
8,Narsaq,GL,2021-11-22 21:25:32,60.9167,-46.05,23.22,75,100,4.85
9,Awjilah,LY,2021-11-22 21:25:33,29.1081,21.2869,64.47,47,18,10.42
10,Isangel,VU,2021-11-22 21:22:47,-19.55,169.2667,84.31,79,40,0.0
11,San Carlos De Bariloche,AR,2021-11-22 21:23:23,-41.1456,-71.3082,71.44,31,0,27.63
12,Waddan,LY,2021-11-22 21:25:34,29.1614,16.139,68.63,36,77,5.79
13,Lompoc,US,2021-11-22 21:25:34,34.6391,-120.4579,84.85,32,1,10.36
14,Leningradskiy,RU,2021-11-22 21:25:35,69.3833,178.4167,-16.83,95,31,5.08
15,Grand Gaube,MU,2021-11-22 21:25:35,-20.0064,57.6608,73.8,77,0,4.0
16,Yellowknife,CA,2021-11-22 21:25:35,62.456,-114.3525,-1.59,78,75,16.11
17,Kapaa,US,2021-11-22 21:25:36,22.0752,-159.319,82.72,71,75,1.01
18,Castro,BR,2021-11-22 21:25:36,-24.7911,-50.0119,74.66,50,12,3.02
19,Rikitea,PF,2021-11-22 21:25:36,-23.1203,-134.9692,75.0,68,1,10.87
20,Provideniya,RU,2021-11-22 21:25:37,64.3833,-173.3,8.71,61,20,8.95
21,Pyay,MM,2021-11-22 21:25:37,18.8167,95.2167,71.65,92,10,1.88
22,Ushuaia,AR,2021-11-22 21:21:33,-54.8,-68.3,42.46,56,75,27.63
23,Ambulu,ID,2021-11-22 21:16:37,-8.345,113.6058,75.83,94,100,5.08
24,Vaini,TO,2021-11-22 21:25:38,-21.2,-175.2,82.56,78,20,6.91
25,Port Elizabeth,ZA,2021-11-22 21:25:38,-33.918,25.5701,66.49,88,90,5.75
26,Husavik,IS,2021-11-22 21:25:39,66.0449,-17.3389,46.31,76,72,19.26
27,Jamestown,US,2021-11-22 21:23:22,42.097,-79.2353,32.02,72,90,8.99
28,Yaan,NG,2021-11-22 21:25:39,7.3833,8.5667,84.2,52,100,8.52
29,Linguere,SN,2021-11-22 21:25:40,15.3953,-15.1193,84.42,34,0,4.61
30,Atuona,PF,2021-11-22 21:25:40,-9.8,-139.0333,77.49,79,48,13.47
31,Tokoname,JP,2021-11-22 21:25:40,34.8833,136.85,51.67,71,75,23.02
32,Cabo San Lucas,MX,2021-11-22 21:25:41,22.8909,-109.9124,84.61,60,20,4.0
33,Butia,BR,2021-11-22 21:25:41,-30.1197,-51.9622,88.61,37,0,1.19
34,Hobyo,SO,2021-11-22 21:25:42,5.3505,48.5268,79.88,67,99,12.39
35,Canning,IN,2021-11-22 21:25:42,22.3189,88.6714,77.02,69,11,1.43
36,Barrow,US,2021-11-22 21:25:42,71.2906,-156.7887,-5.78,77,1,8.05
37,Hermanus,ZA,2021-11-22 21:25:43,-34.4187,19.2345,63.9,71,87,13.02
38,Dalianwan,CN,2021-11-22 21:25:43,39.0286,121.695,33.84,44,0,11.18
39,Kindu,CD,2021-11-22 21:17:22,-2.95,25.95,68.67,99,97,2.95
40,Tasiilaq,GL,2021-11-22 21:25:44,65.6145,-37.6368,26.76,54,43,7.4
41,Bluff,NZ,2021-11-22 21:25:44,-46.6,168.3333,52.92,63,67,9.42
42,Nikolskoye,RU,2021-11-22 21:25:45,59.7035,30.7861,23.81,91,94,4.21
43,Hilo,US,2021-11-22 21:25:45,19.7297,-155.09,81.25,68,20,5.75
44,Shu,KZ,2021-11-22 21:25:45,43.5983,73.7614,37.22,60,21,6.62
45,Avarua,CK,2021-11-22 21:25:46,-21.2078,-159.775,78.85,78,90,8.05
46,Faanui,PF,2021-11-22 21:25:46,-16.4833,-151.75,80.26,77,31,7.45
47,Bethel,US,2021-11-22 21:25:47,41.3712,-73.414,48.04,71,90,1.99
48,Kharan,PK,2021-11-22 21:25:47,28.5833,65.4167,58.75,17,0,6.91
49,Port Alfred,ZA,2021-11-22 21:25:47,-33.5906,26.891,67.1,90,100,15.66
50,Okha,RU,2021-11-22 21:25:48,53.5739,142.9478,31.78,83,100,29.55
51,Southbridge,US,2021-11-22 21:24:42,42.0751,-72.0334,48.96,73,100,4.0
52,Katsuura,JP,2021-11-22 21:16:29,35.1333,140.3,57.31,85,100,10.65
53,East London,ZA,2021-11-22 21:25:48,-33.0153,27.9116,66.61,90,99,10.42
54,Hamilton,US,2021-11-22 21:17:53,39.1834,-84.5333,41.11,47,1,1.01
55,Asyut,EG,2021-11-22 21:25:49,27.181,31.1837,60.98,51,0,3.71
56,Santa Cruz,BO,2021-11-22 21:13:17,-17.8,-63.1667,92.01,41,89,11.74
57,Goma,CD,2021-11-22 21:25:49,-1.6792,29.2228,62.78,89,99,3.18
58,Thompson,CA,2021-11-22 21:25:50,55.7435,-97.8558,1.56,60,40,2.3
59,Luderitz,NA,2021-11-22 21:25:50,-26.6481,15.1594,61.23,89,11,13.04
60,Torbay,CA,2021-11-22 21:25:51,47.6666,-52.7314,36.68,88,20,9.22
61,Ancud,CL,2021-11-22 21:25:51,-41.8697,-73.8203,62.13,67,33,8.21
62,Pittsfield,US,2021-11-22 21:25:21,42.4501,-73.2454,39.06,63,90,1.99
63,Yar-Sale,RU,2021-11-22 21:25:52,66.8333,70.8333,16.45,95,100,9.35
64,Klaksvik,FO,2021-11-22 21:16:18,62.2266,-6.589,47.32,77,100,29.46
65,Arosa,CH,2021-11-22 21:25:52,46.7779,9.6762,30.87,95,100,2.33
66,Cockburn Town,TC,2021-11-22 21:16:50,21.4612,-71.1419,84.16,70,40,6.91
67,Mataura,NZ,2021-11-22 21:25:53,-46.1927,168.8643,54.99,57,15,3.49
68,Tiksi,RU,2021-11-22 21:25:53,71.6872,128.8694,-18.31,97,83,8.97
69,Chokurdakh,RU,2021-11-22 21:25:53,70.6333,147.9167,-13.86,100,100,2.84
70,Kyzyl-Suu,KG,2021-11-22 21:25:54,42.3414,78.0056,31.59,44,11,8.16
71,Dikson,RU,2021-11-22 21:25:54,73.5069,80.5464,-15.3,81,100,16.42
72,Hobart,AU,2021-11-22 21:25:55,-42.8794,147.3294,58.26,85,75,1.01
73,Olafsvik,IS,2021-11-22 21:25:55,64.8945,-23.7142,42.12,70,99,28.74
74,Grand-Santi,GF,2021-11-22 21:25:56,4.25,-54.3833,75.25,90,96,3.49
75,Ponta Do Sol,PT,2021-11-22 21:25:56,32.6667,-17.1,68.72,73,96,10.22
76,Ostrovnoy,RU,2021-11-22 21:25:56,68.0531,39.5131,20.8,86,59,25.86
77,Karad,IN,2021-11-22 21:25:57,17.2833,74.2,72.9,88,60,2.19
78,Prado,BR,2021-11-22 21:25:57,-17.3411,-39.2208,69.37,92,100,7.11
79,Elliot Lake,CA,2021-11-22 21:24:19,46.3834,-82.6331,28.49,71,100,10.36
80,Beloha,MG,2021-11-22 21:16:14,-25.1667,45.05,68.76,85,55,14.79
81,Camapua,BR,2021-11-22 21:25:58,-19.5314,-54.0439,82.96,68,95,4.47
82,Saskylakh,RU,2021-11-22 21:25:58,71.9167,114.0833,-25.94,99,13,7.31
83,Gejiu,CN,2021-11-22 21:18:10,23.306,103.1635,41.49,92,97,3.27
84,Haines Junction,CA,2021-11-22 21:25:59,60.7522,-137.5108,1.35,66,100,11.5
85,Nabire,ID,2021-11-22 21:17:38,-3.3667,135.4833,75.7,87,99,3.42
86,Djibo,BF,2021-11-22 21:25:59,14.1022,-1.6306,82.83,14,0,8.77
87,Nuuk,GL,2021-11-22 21:21:27,64.1835,-51.7216,23.61,86,75,2.3
88,Ilulissat,GL,2021-11-22 21:26:00,69.2167,-51.1,19.42,79,40,4.61
89,Busselton,AU,2021-11-22 21:26:00,-33.65,115.3333,54.05,65,99,7.92
90,Sao Joao Da Barra,BR,2021-11-22 21:26:01,-21.6403,-41.0511,73.49,68,79,7.43
91,Tuktoyaktuk,CA,2021-11-22 21:26:01,69.4541,-133.0374,-13.0,77,40,2.3
92,Panaba,MX,2021-11-22 21:26:02,21.2833,-88.2667,82.15,61,16,14.23
93,Lebu,CL,2021-11-22 21:26:02,-37.6167,-73.65,59.5,73,15,21.99
94,Bredasdorp,ZA,2021-11-22 21:26:02,-34.5322,20.0403,61.29,70,100,9.89
95,Impfondo,CG,2021-11-22 21:26:03,1.6381,18.0667,73.58,81,100,1.66
96,Madison,US,2021-11-22 21:25:08,34.7334,-86.5667,51.44,40,1,5.99
97,Wattegama,LK,2021-11-22 21:26:03,6.7989,81.4808,76.12,86,100,4.32
98,Chuy,UY,2021-11-22 21:26:04,-33.6971,-53.4616,86.68,35,75,8.86
99,Sergeyevka,KZ,2021-11-22 21:26:04,53.88,67.4158,29.88,95,100,13.27
100,Butaritari,KI,2021-11-22 21:26:04,3.0707,172.7902,81.0,80,41,14.97
101,Sitka,US,2021-11-22 21:26:05,57.0531,-135.33,42.69,56,75,16.11
102,Emerald,AU,2021-11-22 21:26:05,-23.5333,148.1667,69.94,83,90,9.22
103,Lagoa,PT,2021-11-22 21:26:06,39.05,-27.9833,65.01,83,100,28.03
104,Kalilangan,PH,2021-11-22 21:26:06,7.8211,124.7314,65.5,91,63,1.48
105,Morondava,MG,2021-11-22 21:26:07,-20.2833,44.2833,79.66,85,99,8.19
106,Maraa,BR,2021-11-22 21:26:07,-1.8333,-65.3667,82.4,83,100,2.35
107,Cayenne,GF,2021-11-22 21:26:07,4.9333,-52.3333,82.44,87,20,4.61
108,New Norfolk,AU,2021-11-22 21:26:08,-42.7826,147.0587,57.9,60,92,2.51
109,Talcahuano,CL,2021-11-22 21:26:08,-36.7167,-73.1167,71.28,56,0,17.27
110,Hithadhoo,MV,2021-11-22 21:21:14,-0.6,73.0833,80.78,80,100,15.5
111,Kavieng,PG,2021-11-22 21:26:09,-2.5744,150.7967,83.48,77,98,14.12
112,Taltal,CL,2021-11-22 21:17:01,-25.4,-70.4833,64.18,70,85,4.65
113,Yangambi,CD,2021-11-22 21:26:09,0.8102,24.4336,69.82,95,81,1.16
114,Qinhuangdao,CN,2021-11-22 21:26:09,39.9317,119.5883,26.73,32,0,8.39
115,Yulara,AU,2021-11-22 21:26:10,-25.2406,130.9889,66.04,82,90,8.05
116,Qaqortoq,GL,2021-11-22 21:26:10,60.7167,-46.0333,23.5,84,100,3.22
117,La Rioja,ES,2021-11-22 21:26:11,42.25,-2.5,37.49,97,100,5.5
118,Georgetown,MY,2021-11-22 21:26:11,5.4112,100.3354,79.9,93,20,3.44
119,Victoria,HK,2021-11-22 21:25:37,22.2855,114.1577,61.95,77,100,5.99
120,Broome,US,2021-11-22 21:26:12,42.2506,-75.833,36.63,59,90,4.0
121,Carnarvon,AU,2021-11-22 21:26:12,-24.8667,113.6333,62.67,72,0,16.11
122,Pionerskiy,RU,2021-11-22 21:26:12,54.9508,20.2275,33.64,62,96,16.46
123,Pemberton,CA,2021-11-22 21:26:13,50.3164,-122.8027,42.49,91,100,7.83
124,Port Lincoln,AU,2021-11-22 21:26:13,-34.7333,135.8667,60.98,79,100,11.5
125,Kaitangata,NZ,2021-11-22 21:26:14,-46.2817,169.8464,54.73,56,10,5.06
126,Kargasok,RU,2021-11-22 21:26:14,59.0556,80.8572,27.84,89,100,18.59
127,Airai,TL,2021-11-22 21:26:15,-8.9266,125.4092,61.23,89,88,1.5
128,Codrington,AU,2021-11-22 21:26:15,-38.2667,141.9667,64.35,59,100,8.39
129,Wanning,CN,2021-11-22 21:26:16,18.8003,110.3967,68.05,85,98,14.74
130,Gat,IL,2021-11-22 21:18:10,31.61,34.7642,60.82,59,0,3.65
131,Bubaque,GW,2021-11-22 21:26:16,11.2833,-15.8333,82.83,78,14,12.86
132,Bucerias,MX,2021-11-22 21:26:17,20.75,-105.3333,84.97,65,40,8.05
133,Kudahuvadhoo,MV,2021-11-22 21:18:15,2.6708,72.8944,81.64,77,100,19.19
134,Kambove,CD,2021-11-22 21:26:17,-10.8764,26.5969,62.8,95,100,2.77
135,Kangly,RU,2021-11-22 21:26:18,44.2544,43.0308,30.25,93,0,4.47
136,Kodiak,US,2021-11-22 21:26:18,57.79,-152.4072,20.71,63,90,5.75
137,Esperance,AU,2021-11-22 21:26:18,-33.8667,121.9,58.84,76,89,20.74
138,Petropavlovsk-Kamchatskiy,RU,2021-11-22 21:26:19,53.0452,158.6483,23.59,68,0,8.95
139,Laramie,US,2021-11-22 21:24:48,41.3114,-105.5911,60.35,16,1,8.99
140,Toba,JP,2021-11-22 21:26:19,34.4833,136.85,51.8,64,53,28.57
141,Saint-Philippe,RE,2021-11-22 21:26:20,-21.3585,55.7679,72.99,74,39,7.87
142,Port Macquarie,AU,2021-11-22 21:26:20,-31.4333,152.9167,67.89,94,90,8.05
143,Puerto Ayora,EC,2021-11-22 21:26:21,-0.7393,-90.3518,78.76,68,9,12.39
144,Dali,CN,2021-11-22 21:26:21,25.7,100.1833,45.55,94,14,1.7
145,Kununurra,AU,2021-11-22 21:23:05,-15.7667,128.7333,80.58,94,69,0.0
146,Fortuna,US,2021-11-22 21:26:22,40.5982,-124.1573,70.93,46,1,3.0
147,Berdigestyakh,RU,2021-11-22 21:17:45,62.0989,126.6992,-27.47,99,62,2.46
148,Moron,AR,2021-11-22 21:22:12,-34.6534,-58.6198,91.15,26,27,14.88
149,Ballina,AU,2021-11-22 21:26:22,-28.8667,153.5667,73.36,85,75,3.44
150,Ribeira Grande,PT,2021-11-22 21:26:23,38.5167,-28.7,68.4,77,40,16.11
151,Iqaluit,CA,2021-11-22 21:26:23,63.7506,-68.5145,26.33,80,90,16.11
152,Salalah,OM,2021-11-22 21:26:24,17.0151,54.0924,75.29,50,0,5.75
153,Naze,JP,2021-11-22 21:26:24,28.3667,129.4833,59.34,65,96,18.03
154,Deputatskiy,RU,2021-11-22 21:26:24,69.3,139.9,-21.28,97,64,5.14
155,Vestmannaeyjar,IS,2021-11-22 21:26:25,63.4427,-20.2734,43.5,81,100,20.58
156,Qaanaaq,GL,2021-11-22 21:26:25,77.484,-69.3632,-8.72,74,94,5.23
157,Binalbagan,PH,2021-11-22 21:26:25,10.1948,122.8581,78.51,87,18,5.55
158,Tekeli,KZ,2021-11-22 21:26:26,44.83,78.8239,34.32,73,98,11.45
159,Yumen,CN,2021-11-22 21:26:26,40.2833,97.2,25.68,39,0,24.56
160,Ludvika,SE,2021-11-22 21:26:27,60.1496,15.1878,35.33,63,38,11.45
161,Kruisfontein,ZA,2021-11-22 21:26:27,-34.0033,24.7314,60.89,92,99,10.83
162,Hami,CN,2021-11-22 21:26:28,42.8,93.45,26.53,50,17,0.85
163,Port Hardy,CA,2021-11-22 21:26:28,50.6996,-127.4199,46.58,87,90,6.91
164,Avera,US,2021-11-22 21:26:28,33.194,-82.5271,65.71,53,47,14.14
165,Seoul,KR,2021-11-22 21:23:05,37.5683,126.9778,29.59,55,0,6.91
166,Vanimo,PG,2021-11-22 21:16:40,-2.6741,141.3028,77.52,88,63,4.14
167,Qasigiannguit,GL,2021-11-22 21:26:29,68.8193,-51.1922,19.65,95,97,5.59
168,Sur,OM,2021-11-22 21:26:29,22.5667,59.5289,75.2,50,66,7.11
169,Nouadhibou,MR,2021-11-22 21:26:30,20.931,-17.0347,76.98,65,37,8.05
170,San Patricio,US,2021-11-22 21:26:30,28.017,-97.5169,75.61,34,81,12.26
171,Jishou,CN,2021-11-22 21:26:30,28.3167,109.7167,44.92,59,96,0.51
172,Severo-Kurilsk,RU,2021-11-22 21:26:31,50.6789,156.125,34.38,79,8,4.83
173,Toronto,CA,2021-11-22 21:21:52,43.7001,-79.4163,35.29,62,90,3.0
174,Batagay,RU,2021-11-22 21:26:31,67.6333,134.6333,-26.97,99,57,3.51
175,Bismarck,US,2021-11-22 21:23:06,46.8083,-100.7837,50.2,46,1,0.0
176,Vao,NC,2021-11-22 21:26:32,-22.6667,167.4833,74.17,78,62,6.42
177,Fort Frances,CA,2021-11-22 21:26:32,48.5999,-93.4003,22.15,57,75,4.61
178,Daru,PG,2021-11-22 21:26:33,-9.0763,143.2092,81.27,80,74,3.71
179,Banda Aceh,ID,2021-11-22 21:25:03,5.5577,95.3222,79.65,79,100,5.61
180,Kamaishi,JP,2021-11-22 21:26:34,39.2667,141.8833,43.59,72,63,12.03
181,Matelandia,BR,2021-11-22 21:26:34,-25.2408,-53.9964,89.96,51,3,4.68
182,Ngaoundere,CM,2021-11-22 21:26:34,7.3167,13.5833,71.31,36,27,4.05
183,Kuandian,CN,2021-11-22 21:26:35,40.7286,124.7847,17.35,54,18,9.93
184,Itanhaem,BR,2021-11-22 21:26:35,-24.1831,-46.7889,84.25,82,4,8.3
185,Upernavik,GL,2021-11-22 21:26:36,72.7868,-56.1549,3.22,91,84,6.06
186,Arvin,US,2021-11-22 21:26:36,35.2091,-118.8284,79.7,16,2,1.68
187,Gaoua,BF,2021-11-22 21:26:36,10.2992,-3.2508,80.56,20,0,1.77
188,Saldanha,ZA,2021-11-22 21:26:37,-33.0117,17.9442,60.85,80,16,22.19
189,Pangnirtung,CA,2021-11-22 21:26:37,66.1451,-65.7125,24.8,86,90,13.8
190,Havre-Saint-Pierre,CA,2021-11-22 21:17:07,50.2334,-63.5986,46.99,93,90,18.41
191,Xinqing,CN,2021-11-22 21:15:47,48.2333,129.5,10.56,90,100,9.6
192,Meulaboh,ID,2021-11-22 21:26:38,4.1363,96.1285,75.34,93,99,6.11
193,San Cristobal,VE,2021-11-22 21:26:38,7.7669,-72.225,77.18,75,88,2.28
194,Cherskiy,RU,2021-11-22 21:26:39,68.75,161.3,-32.15,100,15,2.77
195,Manzhouli,CN,2021-11-22 21:26:39,49.6,117.4333,1.9,86,5,11.27
196,Cedar City,US,2021-11-22 21:26:40,37.6775,-113.0619,56.39,22,1,0.0
197,Lavrentiya,RU,2021-11-22 21:26:40,65.5833,-171.0,-2.81,94,8,8.72
198,Lorengau,PG,2021-11-22 21:26:40,-2.0226,147.2712,81.55,80,28,8.08
199,Mitsamiouli,KM,2021-11-22 21:26:41,-11.3847,43.2844,79.68,77,5,8.81
200,Vicuna,CL,2021-11-22 21:26:42,-30.0319,-70.7081,55.13,33,11,8.43
201,Bambous Virieux,MU,2021-11-22 21:26:43,-20.3428,57.7575,73.65,83,40,2.3
202,Sovetskiy,RU,2021-11-22 21:26:43,61.3614,63.5842,13.03,95,100,5.37
203,Hurricane,US,2021-11-22 21:26:43,37.1753,-113.2899,65.59,15,0,2.89
204,Homer,US,2021-11-22 21:26:44,59.6425,-151.5483,17.47,60,1,4.61
205,Iquitos,PE,2021-11-22 21:26:44,-3.7481,-73.2472,86.04,70,40,4.61
206,Norman Wells,CA,2021-11-22 21:26:45,65.282,-126.8329,-18.36,76,75,4.61
207,Margate,GB,2021-11-22 21:26:46,51.3813,1.3862,46.87,81,78,7.0
208,Vardo,NO,2021-11-22 21:26:46,70.3705,31.1107,28.38,54,40,26.46
209,Richards Bay,ZA,2021-11-22 21:18:08,-28.783,32.0377,70.23,87,97,14.79
210,College,US,2021-11-22 21:26:47,64.8569,-147.8028,2.59,61,90,16.11
211,Brasileia,BR,2021-11-22 21:26:47,-11.0161,-68.7481,88.25,74,75,4.61
212,Tautira,PF,2021-11-22 21:26:48,-17.7333,-149.15,86.02,81,14,14.18
213,Mar Del Plata,AR,2021-11-22 21:26:48,-38.0023,-57.5575,66.09,67,0,5.99
214,Kangaatsiaq,GL,2021-11-22 21:26:48,68.3065,-53.4641,24.12,63,100,8.46
215,Korla,CN,2021-11-22 21:26:49,41.7597,86.1469,26.35,64,50,3.2
216,Guerrero Negro,MX,2021-11-22 21:23:40,27.9769,-114.0611,80.73,25,100,2.06
217,Galle,LK,2021-11-22 21:26:49,6.0367,80.217,76.71,86,83,4.0
218,Hasaki,JP,2021-11-22 21:26:50,35.7333,140.8333,52.29,67,100,9.86
219,Rodionovo-Nesvetayskaya,RU,2021-11-22 21:26:50,47.6103,39.7121,50.56,90,100,4.81
220,Iskateley,RU,2021-11-22 21:26:50,67.6803,53.1512,5.2,99,92,6.6
221,Mabai,CN,2021-11-22 21:26:51,23.0128,104.4508,44.91,84,100,1.97
222,Pevek,RU,2021-11-22 21:26:51,69.7008,170.3133,-20.06,98,16,3.22
223,Kortkeros,RU,2021-11-22 21:26:52,61.8106,51.5806,15.8,96,100,5.64
224,Khatanga,RU,2021-11-22 21:26:52,71.9667,102.5,-5.33,75,31,21.09
225,Puri,IN,2021-11-22 21:23:56,19.8,85.85,77.52,79,51,3.62
226,Touros,BR,2021-11-22 21:26:52,-5.1989,-35.4608,81.5,76,75,14.99
227,Washington,US,2021-11-22 21:22:45,47.5001,-120.5015,49.24,53,98,3.94
228,Watertown,US,2021-11-22 21:26:53,42.3709,-71.1828,52.16,66,1,5.01
229,San Quintin,MX,2021-11-22 21:26:53,30.4833,-115.95,71.94,45,100,9.08
230,Amahai,ID,2021-11-22 21:26:54,-3.3333,128.9167,77.5,84,100,2.17
231,Moose Jaw,CA,2021-11-22 21:22:16,50.4001,-105.5344,39.47,65,90,9.22
232,Igarka,RU,2021-11-22 21:26:54,67.4667,86.5833,6.8,79,100,22.64
233,Yeppoon,AU,2021-11-22 21:26:55,-23.1333,150.7333,67.78,80,83,4.0
234,Srednekolymsk,RU,2021-11-22 21:26:55,67.45,153.6833,-30.28,100,97,4.34
235,Constitucion,CL,2021-11-22 21:26:56,-35.3333,-72.4167,69.69,56,14,18.03
236,Grenfell,AU,2021-11-22 21:26:56,-33.9,148.1667,59.7,74,49,11.14
237,Felanitx,ES,2021-11-22 21:26:56,39.4696,3.1483,56.95,81,95,7.4
238,Arraial Do Cabo,BR,2021-11-22 21:26:57,-22.9661,-42.0278,73.26,60,0,13.8
239,Praia,CV,2021-11-22 21:26:57,14.9215,-23.5087,79.34,69,20,14.97
240,Kannangad,IN,2021-11-22 21:26:58,12.3081,75.1063,76.35,91,46,5.68
241,Granja,BR,2021-11-22 21:26:58,-3.1203,-40.8261,83.98,63,98,8.97
242,Lakes Entrance,AU,2021-11-22 21:26:58,-37.8811,147.981,65.16,71,100,5.06
243,Flin Flon,CA,2021-11-22 21:26:59,54.7682,-101.865,8.44,78,90,6.91
244,Bakel,SN,2021-11-22 21:26:59,14.905,-12.4568,87.8,15,69,7.49
245,Puro,PH,2021-11-22 21:26:59,12.4841,123.3827,79.54,88,50,7.72
246,La Guaira,VE,2021-11-22 21:27:00,10.599,-66.9346,84.18,74,20,5.75
247,Gafanha Da Encarnacao,PT,2021-11-22 21:27:00,40.6181,-8.733,50.77,76,1,12.82
248,Tekirdag,TR,2021-11-22 21:27:01,40.978,27.5085,54.75,73,100,5.88
249,Arman,RU,2021-11-22 21:27:01,59.7,150.1667,1.6,82,10,10.8
250,Okhotsk,RU,2021-11-22 21:27:01,59.3833,143.3,-0.81,92,22,11.72
251,Tigre,AR,2021-11-22 21:27:02,-34.426,-58.5796,91.4,32,20,18.41
252,Novyy Urengoy,RU,2021-11-22 21:25:25,66.0833,76.6333,15.42,95,100,12.35
253,Aklavik,CA,2021-11-22 21:17:48,68.2191,-135.0107,-12.17,76,75,3.44
254,North Bend,US,2021-11-22 21:27:02,43.4065,-124.2243,55.31,83,1,4.61
255,Tuy Hoa,VN,2021-11-22 21:24:19,13.0833,109.3,74.89,89,89,10.13
256,Tongchuan,CN,2021-11-22 21:27:03,35.0806,109.0897,33.19,33,0,2.8
257,Crossville,US,2021-11-22 21:27:03,35.949,-85.0269,44.24,47,1,5.01
258,Karasjok,NO,2021-11-22 21:27:04,69.4719,25.5112,6.91,99,100,1.86
259,Matay,EG,2021-11-22 21:18:29,28.419,30.7792,63.45,59,0,1.79
260,Boulder,US,2021-11-22 21:25:55,40.0833,-105.3505,66.27,19,1,3.0
261,Tairua,NZ,2021-11-22 21:27:04,-37.0167,175.85,63.09,73,49,4.68
262,Udachnyy,RU,2021-11-22 21:27:05,66.4167,112.4,-35.28,100,75,5.28
263,Mayumba,GA,2021-11-22 21:27:05,-3.432,10.6554,77.59,91,100,4.83
264,Barra Do Garcas,BR,2021-11-22 21:27:06,-15.89,-52.2567,82.54,78,100,0.49
265,Soria,ES,2021-11-22 21:27:06,41.6667,-2.6667,33.85,95,100,14.09
266,Agirish,RU,2021-11-22 21:27:06,61.9247,63.0231,10.24,95,100,5.5
267,Bonfim,BR,2021-11-22 21:27:07,3.0833,-59.95,83.48,70,98,7.43
268,Pimentel,PE,2021-11-22 21:27:07,-6.8367,-79.9342,71.89,64,0,17.27
269,Nieuw Amsterdam,SR,2021-11-22 21:27:07,5.8833,-55.0833,81.14,83,20,4.61
270,San Carlos,VE,2021-11-22 21:27:08,9.6612,-68.5827,84.24,65,82,1.32
271,Ibra,OM,2021-11-22 21:27:08,22.6906,58.5334,68.02,21,81,3.76
272,Kandalaksha,RU,2021-11-22 21:27:09,67.162,32.4123,10.99,96,75,3.98
273,Gongzhuling,CN,2021-11-22 21:25:03,43.5008,124.8198,9.25,87,24,13.89
274,Oistins,BB,2021-11-22 21:27:09,13.0667,-59.5333,82.49,69,40,14.97
275,Gunnedah,AU,2021-11-22 21:27:09,-30.9833,150.25,71.22,77,73,4.0
276,Ananas,HT,2021-11-22 21:27:10,19.2466,-71.9557,83.03,53,62,6.42
277,Sertania,BR,2021-11-22 21:27:10,-8.0736,-37.2644,90.01,25,100,7.81
278,Erechim,BR,2021-11-22 21:26:17,-27.6342,-52.2739,86.04,58,1,1.68
279,Mombetsu,JP,2021-11-22 21:27:11,44.3525,143.3525,44.85,70,80,24.29
280,Trairi,BR,2021-11-22 21:23:15,-3.2778,-39.2689,81.0,78,90,12.33
281,Tromso,NO,2021-11-22 21:27:11,69.6496,18.957,30.22,64,75,3.0
282,Yarada,IN,2021-11-22 21:27:12,17.65,83.2667,78.4,86,30,1.07
283,Tulun,RU,2021-11-22 21:27:12,54.5611,100.5792,13.41,94,100,5.03
284,Coquimbo,CL,2021-11-22 21:23:16,-29.9533,-71.3436,62.33,77,75,12.66
285,Upata,VE,2021-11-22 21:27:13,8.0086,-62.3989,76.39,88,73,3.27
286,Agdas,AZ,2021-11-22 21:27:13,40.65,47.4761,48.97,65,0,3.24
287,Shibetsu,JP,2021-11-22 21:27:13,43.659,145.132,41.88,82,100,13.65
288,Durban,ZA,2021-11-22 21:25:21,-29.8579,31.0292,70.92,95,100,7.0
289,Montorio Al Vomano,IT,2021-11-22 21:27:14,42.5831,13.6383,54.1,89,100,1.74
290,Muroto,JP,2021-11-22 21:27:14,33.2833,134.15,42.84,62,38,17.92
291,Zemio,CF,2021-11-22 21:27:15,5.0314,25.1361,71.83,57,75,1.23
292,Areia Branca,BR,2021-11-22 21:27:15,-4.9561,-37.1369,84.4,81,94,21.7
293,Peace River,CA,2021-11-22 21:27:09,56.2501,-117.286,23.31,93,75,4.61
294,Broken Hill,AU,2021-11-22 21:27:15,-31.95,141.4333,69.51,64,100,13.8
295,Coihaique,CL,2021-11-22 21:27:16,-45.5752,-72.0662,62.55,39,40,6.91
296,Kalach-Na-Donu,RU,2021-11-22 21:25:43,48.691,43.5264,40.32,83,100,4.36
297,Warrington,GB,2021-11-22 21:27:17,53.3925,-2.5802,44.49,91,0,2.3
298,Inta,RU,2021-11-22 21:27:17,66.0317,60.1659,2.25,97,100,6.93
299,Bundaberg,AU,2021-11-22 21:27:17,-24.85,152.35,71.22,97,75,1.01
300,Kantang,TH,2021-11-22 21:27:18,7.4054,99.5156,76.5,92,98,3.71
301,Saint George,US,2021-11-22 21:22:54,37.1041,-113.5841,67.53,20,1,3.0
302,Clyde River,CA,2021-11-22 21:27:18,70.4692,-68.5914,14.23,92,90,13.8
303,Vostok,RU,2021-11-22 21:27:19,46.4856,135.8833,8.76,90,99,12.64
304,Nanortalik,GL,2021-11-22 21:27:19,60.1432,-45.2371,23.9,81,100,11.81
305,Ossora,RU,2021-11-22 21:27:19,59.2353,163.0719,19.31,94,100,15.66
306,Asau,RO,2021-11-22 21:27:20,46.4333,26.4,46.4,69,100,1.05
307,Marang,MY,2021-11-22 21:27:20,5.2056,103.2059,76.91,87,100,1.12
308,Namibe,AO,2021-11-22 21:27:20,-15.1961,12.1522,69.91,74,4,3.53
309,San Ignacio,BZ,2021-11-22 21:27:21,17.1561,-89.0714,78.94,83,40,0.0
310,Verkhoyansk,RU,2021-11-22 21:27:21,67.5447,133.385,-25.29,100,90,2.39
311,Vila Franca Do Campo,PT,2021-11-22 21:27:22,37.7167,-25.4333,66.2,88,99,12.15
312,Sabang,ID,2021-11-22 21:27:22,5.8933,95.3214,81.16,75,100,6.69
313,Slave Lake,CA,2021-11-22 21:27:22,55.2834,-114.769,31.98,86,40,5.75
314,Laguna,US,2021-11-22 21:23:56,38.421,-121.4238,72.1,65,1,1.01
315,Longyearbyen,SJ,2021-11-22 21:27:23,78.2186,15.6401,3.04,66,20,13.8
316,Pisco,PE,2021-11-22 21:22:47,-13.7,-76.2167,66.25,82,90,5.75
317,Cartagena,CO,2021-11-22 21:27:24,10.3997,-75.5144,85.62,74,75,5.75
318,Alofi,NU,2021-11-22 21:27:24,-19.0595,-169.9187,84.09,61,40,10.36
319,Keti Bandar,PK,2021-11-22 21:27:25,24.1447,67.4497,75.99,43,0,7.78
320,Qiongshan,CN,2021-11-22 21:27:25,20.0058,110.3542,66.18,82,75,8.95
321,Ulladulla,AU,2021-11-22 21:27:26,-35.35,150.4667,65.88,75,100,1.28
322,Mrakovo,RU,2021-11-22 21:27:26,52.7161,56.6244,29.41,95,100,16.6
323,Aswan,EG,2021-11-22 21:27:26,24.0934,32.907,63.7,42,0,10.36
324,Clovis,US,2021-11-22 21:25:48,36.8252,-119.7029,78.12,24,0,1.61
325,Pacific Grove,US,2021-11-22 21:27:27,36.6177,-121.9166,79.14,29,1,1.01
326,Novikovo,RU,2021-11-22 21:27:27,51.1537,37.8879,32.9,75,100,5.19
327,Cururupu,BR,2021-11-22 21:27:28,-1.8283,-44.8683,79.54,75,57,4.59
328,Lluta,PE,2021-11-22 21:27:28,-16.0147,-72.0142,57.47,42,95,8.84
329,Njombe,TZ,2021-11-22 21:27:28,-9.3333,34.7667,56.59,73,65,1.28
330,Kinsale,IE,2021-11-22 21:27:29,51.7075,-8.5306,38.57,93,20,10.36
331,Aksu,CN,2021-11-22 21:27:29,41.1231,80.2644,28.06,54,14,0.36
332,Gameza,CO,2021-11-22 21:27:29,5.8026,-72.8059,56.75,82,97,3.27
333,Micheweni,TZ,2021-11-22 21:27:30,-4.9667,39.8333,79.14,81,100,7.9
334,Linxia,CN,2021-11-22 21:27:30,35.6003,103.2064,29.75,40,0,1.88
335,Caravelas,BR,2021-11-22 21:27:31,-17.7125,-39.2481,69.04,93,100,6.6
336,Sedona,US,2021-11-22 21:27:31,34.8697,-111.761,72.59,18,1,3.0
337,Belyy Yar,RU,2021-11-22 21:27:31,53.6039,91.3903,21.09,78,0,4.47
338,Poum,NC,2021-11-22 21:27:32,-20.2333,164.0167,77.72,70,100,3.42
339,Altay,CN,2021-11-22 21:27:32,47.8667,88.1167,19.4,78,85,5.64
340,Qujing,CN,2021-11-22 21:27:32,25.4833,103.7833,40.5,95,100,3.49
341,Dunedin,NZ,2021-11-22 21:24:07,-45.8742,170.5036,51.98,78,98,5.41
342,Limbang,MY,2021-11-22 21:27:33,4.75,115.0,80.91,98,98,2.13
343,Flinders,AU,2021-11-22 21:27:33,-34.5833,150.8552,66.79,84,100,6.2
344,Witu,KE,2021-11-22 21:27:34,-2.3889,40.4382,82.56,87,100,7.34
345,Tashtyp,RU,2021-11-22 21:27:34,52.7939,89.8983,19.81,92,45,5.37
346,Yerofey Pavlovich,RU,2021-11-22 21:27:34,53.9667,121.9667,-0.09,80,100,3.44
347,Hofn,IS,2021-11-22 21:27:35,64.2539,-15.2082,46.33,94,100,29.46
348,Hovd,MN,2021-11-22 21:27:35,48.0056,91.6419,24.46,32,100,8.01
349,Stratford,US,2021-11-22 21:26:31,41.1845,-73.1332,50.99,68,75,8.05
350,Skibbereen,IE,2021-11-22 21:27:36,51.55,-9.2667,39.0,85,0,6.33
351,Zahesi,GE,2021-11-22 21:27:36,41.8246,44.7536,42.51,63,3,3.94
352,Chitral,PK,2021-11-22 21:27:36,35.8462,71.7858,43.56,35,0,9.01
353,Port Keats,AU,2021-11-22 21:27:37,-14.25,129.55,84.06,78,46,8.59
354,San-Pedro,CI,2021-11-22 21:27:37,4.7485,-6.6363,77.52,87,50,5.12
355,Dryden,CA,2021-11-22 21:27:37,49.7833,-92.7503,14.29,79,75,6.91
356,Berlevag,NO,2021-11-22 21:27:38,70.8578,29.0864,24.75,80,75,16.11
357,Mareeba,AU,2021-11-22 21:27:38,-17.0,145.4333,81.32,84,19,1.88
358,Buala,SB,2021-11-22 21:27:39,-8.145,159.5921,81.93,81,97,10.04
359,Victor Harbor,AU,2021-11-22 21:27:39,-35.5667,138.6167,70.47,50,100,8.66
360,Nekhayevskiy,RU,2021-11-22 21:27:39,50.4106,41.7561,33.53,70,100,5.06
361,The Valley,AI,2021-11-22 21:23:35,18.217,-63.0578,82.26,74,40,9.22
362,Senador Jose Porfirio,BR,2021-11-22 21:27:40,-2.5908,-51.9542,82.35,72,82,1.72
363,Gornoye Loo,RU,2021-11-22 21:27:40,43.7129,39.6049,46.18,70,0,6.91
364,Paracuru,BR,2021-11-22 21:27:41,-3.41,-39.0306,82.42,79,81,12.28
365,Kirakira,SB,2021-11-22 21:27:41,-10.4544,161.9205,84.0,72,51,9.19
366,Geraldton,AU,2021-11-22 21:27:41,-28.7667,114.6,57.61,82,3,8.05
367,Grindavik,IS,2021-11-22 21:27:42,63.8424,-22.4338,41.47,65,75,18.41
368,Ginda,IN,2021-11-22 21:27:42,30.6945,78.4932,47.46,20,0,7.76
369,Kaele,CM,2021-11-22 21:27:43,10.1092,14.4508,82.53,22,69,5.53
370,Brae,GB,2021-11-22 21:27:43,60.3964,-1.353,48.11,79,100,20.62
371,Port Arthur,CN,2021-11-22 21:27:43,38.8,121.2667,34.02,50,45,19.73
372,Santo Tomas,PH,2021-11-22 21:27:44,14.1079,121.1414,79.05,95,19,4.68
373,Nanfeng,CN,2021-11-22 21:27:44,23.7434,111.7959,52.77,64,99,3.47
374,Amuntai,ID,2021-11-22 21:27:44,-2.4177,115.2494,73.58,96,56,1.45
375,Tananger,NO,2021-11-22 21:27:45,58.9333,5.6,46.38,89,90,11.5
376,Beringovskiy,RU,2021-11-22 21:27:45,63.05,179.3167,-3.39,97,98,13.8
377,Izhevskoye,RU,2021-11-22 21:27:46,54.5567,40.8703,19.72,94,22,6.55
378,Sibolga,ID,2021-11-22 21:27:46,1.7427,98.7792,75.54,87,98,2.95
379,Urucara,BR,2021-11-22 21:27:46,-2.5364,-57.76,78.71,87,93,2.98
380,Baie-Comeau,CA,2021-11-22 21:25:32,49.2168,-68.1489,42.28,93,90,20.71
381,Bhakkar,PK,2021-11-22 21:27:47,31.6253,71.0657,63.1,18,0,0.47
382,Souillac,MU,2021-11-22 21:27:48,-20.5167,57.5167,73.78,83,40,2.3
383,Marogong,PH,2021-11-22 21:27:48,7.6667,124.15,71.58,91,74,3.83
384,Hopkinsville,US,2021-11-22 21:27:49,36.8656,-87.4886,42.82,58,100,1.99
385,Shingu,JP,2021-11-22 21:27:49,33.7333,135.9833,46.42,66,61,8.63
386,Shihezi,CN,2021-11-22 21:27:49,44.3,86.0333,28.69,50,100,4.36
387,Dindori,IN,2021-11-22 21:27:50,22.95,81.0833,63.07,76,0,2.42
388,Constantine,DZ,2021-11-22 21:27:50,36.365,6.6147,51.21,71,40,6.91
389,Saint-Pierre,RE,2021-11-22 21:27:50,-21.3393,55.4781,73.08,64,0,4.61
390,Valleyview,CA,2021-11-22 21:27:51,55.0667,-117.2859,35.64,80,92,16.11
391,Umtata,ZA,2021-11-22 21:27:51,-31.5889,28.7844,59.22,94,100,5.91
392,Los Llanos De Aridane,ES,2021-11-22 21:27:51,28.6585,-17.9182,65.95,81,20,5.99
393,Abu Dhabi,AE,2021-11-22 21:24:29,24.4667,54.3667,77.02,84,0,3.44
394,Riyadh,SA,2021-11-22 21:27:52,24.6877,46.7219,71.74,34,41,7.87
395,Cordele,US,2021-11-22 21:27:52,31.9635,-83.7824,65.75,72,75,5.75
396,Farim,GW,2021-11-22 21:27:53,12.4839,-15.2217,82.69,44,47,3.65
397,Chernogorsk,RU,2021-11-22 21:27:53,53.8236,91.2842,20.77,79,0,4.47
398,Kadhan,PK,2021-11-22 21:24:07,24.481,68.9859,72.95,12,0,5.93
399,Saint-Georges,GD,2021-11-22 21:27:54,12.0564,-61.7485,83.88,70,20,18.41
400,Andenes,NO,2021-11-22 21:27:54,69.3143,16.1194,30.18,80,75,18.41
401,Cloquet,US,2021-11-22 21:26:02,46.7216,-92.4594,25.99,63,70,6.91
402,Sanford,US,2021-11-22 21:27:55,28.8006,-81.2731,75.9,76,1,1.99
403,Aden,YE,2021-11-22 21:27:55,12.7794,45.0367,79.79,70,12,9.35
404,Siirt,TR,2021-11-22 21:24:08,37.9326,41.9403,47.52,64,0,1.59
405,Tuni,IN,2021-11-22 21:27:56,17.35,82.55,75.63,91,19,3.13
406,Fomboni,KM,2021-11-22 21:27:56,-12.28,43.7425,80.51,76,15,11.07
407,Valky,UA,2021-11-22 21:27:57,49.8387,35.6207,33.66,67,100,5.97
408,Bonavista,CA,2021-11-22 21:27:57,48.6499,-53.1147,42.12,83,21,12.53
409,Jalu,LY,2021-11-22 21:27:57,29.0331,21.5482,63.99,46,6,10.45
410,Kewanee,US,2021-11-22 21:27:58,41.2456,-89.9248,37.78,22,74,10.89
411,Catuday,PH,2021-11-22 21:27:58,16.2923,119.8062,79.63,83,30,8.05
412,Kaeo,NZ,2021-11-22 21:27:58,-35.1,173.7833,71.33,73,34,4.23
413,Gorontalo,ID,2021-11-22 21:27:59,0.5412,123.0595,74.97,93,80,2.98
414,Marabba,SD,2021-11-22 21:25:09,12.35,32.1833,79.38,18,63,13.31
415,Necochea,AR,2021-11-22 21:27:59,-38.5473,-58.7368,62.04,62,0,23.24
416,Mehamn,NO,2021-11-22 21:28:00,71.0357,27.8492,24.71,73,40,9.22
417,Kaoma,ZM,2021-11-22 21:28:00,-14.7833,24.8,65.59,91,82,2.8
418,Padang,ID,2021-11-22 21:28:00,-0.9492,100.3543,76.44,81,100,3.11
419,Cidreira,BR,2021-11-22 21:28:01,-30.1811,-50.2056,72.93,72,0,12.57
420,Lahaina,US,2021-11-22 21:28:01,20.8783,-156.6825,83.44,71,5,6.4
421,Northam,GB,2021-11-22 21:28:02,51.0333,-4.2167,44.02,83,11,8.19
422,Abha,SA,2021-11-22 21:28:02,18.2164,42.5053,60.62,55,0,0.0
423,Port Blair,IN,2021-11-22 21:28:02,11.6667,92.75,81.12,81,28,7.76
424,Hambantota,LK,2021-11-22 21:28:03,6.1241,81.1185,77.34,100,85,5.75
425,Jalingo,NG,2021-11-22 21:28:03,8.8833,11.3667,81.77,31,43,2.59
426,Tumen,CN,2021-11-22 21:28:04,42.9661,129.8425,18.88,57,95,20.42
427,Ciudad Ojeda,VE,2021-11-22 21:28:04,10.1964,-71.3082,85.23,66,100,3.18
428,Ambo,PE,2021-11-22 21:28:04,-10.1308,-76.2047,71.64,64,100,8.16
429,Yatou,CN,2021-11-22 21:28:05,37.15,122.3833,34.72,52,59,15.03
430,Yate,GB,2021-11-22 21:28:05,51.5407,-2.4184,40.68,90,100,1.01
431,De Aar,ZA,2021-11-22 21:28:05,-30.6497,24.0123,60.53,66,37,15.41
432,Disa,IN,2021-11-22 21:28:06,24.25,72.1667,72.57,38,0,6.17
433,Boende,CD,2021-11-22 21:28:06,-0.2167,20.8667,71.49,97,100,2.64
434,Xinzhou,CN,2021-11-22 21:28:07,38.4092,112.7333,24.73,25,0,1.05
435,Ambon,ID,2021-11-22 21:28:07,-3.6954,128.1814,71.74,94,40,4.61
436,Agnibilekrou,CI,2021-11-22 21:28:08,7.1344,-3.2047,75.15,70,28,3.15
437,Yuncheng,CN,2021-11-22 21:28:08,35.0231,110.9928,32.23,34,0,2.35
438,Bedesa,ET,2021-11-22 21:28:08,8.9,40.7833,60.53,51,23,4.7
439,Aykhal,RU,2021-11-22 21:28:09,66.0,111.5,-29.02,100,93,5.61
440,Sheffield,GB,2021-11-22 21:27:46,53.383,-1.4659,43.77,84,74,3.56
441,Winnemucca,US,2021-11-22 21:23:18,40.973,-117.7357,53.65,30,1,0.0
442,Shimoda,JP,2021-11-22 21:28:10,34.6667,138.95,51.1,62,100,21.68
443,Le Port,RE,2021-11-22 21:28:10,-20.9373,55.2919,73.4,89,36,4.0
444,Buraydah,SA,2021-11-22 21:28:10,26.326,43.975,63.05,52,3,10.49
445,Olinda,BR,2021-11-22 21:28:11,-8.0089,-34.8553,82.13,74,40,8.05
446,Koslan,RU,2021-11-22 21:28:11,63.4564,48.8989,19.85,96,100,4.7
447,Ulverstone,AU,2021-11-22 21:28:12,-41.15,146.1667,61.29,79,100,9.75
448,Tukrah,LY,2021-11-22 21:18:13,32.5341,20.5791,66.42,62,8,11.81
449,Kahului,US,2021-11-22 21:28:12,20.8947,-156.47,83.46,76,40,17.27
450,Valparai,IN,2021-11-22 21:28:13,10.3667,76.9667,62.37,96,83,2.06
451,Bay Roberts,CA,2021-11-22 21:18:24,47.5999,-53.2648,37.44,84,44,7.43
452,Chiang Khong,TH,2021-11-22 21:28:14,20.2613,100.4046,70.12,87,47,1.95
453,Dalbandin,PK,2021-11-22 21:28:14,28.8947,64.4101,56.68,18,0,6.82
454,Mubi,NG,2021-11-22 21:28:14,10.2676,13.2644,78.22,26,41,4.41
455,Iralaya,HN,2021-11-22 21:28:15,15.0,-83.2333,84.29,70,7,11.07
456,Sambava,MG,2021-11-22 21:28:15,-14.2667,50.1667,75.85,84,57,6.11
457,Kloulklubed,PW,2021-11-22 21:18:27,7.0419,134.2556,82.36,77,100,12.97
458,Mayo,US,2021-11-22 21:28:16,38.8876,-76.5119,51.3,45,1,7.0
459,Tuatapere,NZ,2021-11-22 21:28:16,-46.1333,167.6833,54.81,61,37,1.28
460,Cam Ranh,VN,2021-11-22 21:28:16,11.9214,109.1591,78.76,73,75,13.8
461,Kendallville,US,2021-11-22 21:28:17,41.4414,-85.265,35.91,55,40,11.5
462,Talnakh,RU,2021-11-22 21:28:17,69.4865,88.3972,4.91,95,100,9.24
463,Mount Isa,AU,2021-11-22 21:28:18,-20.7333,139.5,78.57,25,92,4.61
464,Kenai,US,2021-11-22 21:28:18,60.5544,-151.2583,8.15,84,1,0.0
465,Axim,GH,2021-11-22 21:28:18,4.8699,-2.2405,79.45,84,45,5.68
466,Caraballeda,VE,2021-11-22 21:28:19,10.6112,-66.8522,84.27,74,20,5.75
467,Warud,IN,2021-11-22 21:28:19,21.4667,78.2667,73.29,73,43,3.2
468,Taoudenni,ML,2021-11-22 21:28:20,22.6783,-3.9836,82.45,30,97,7.0
469,Ponta Delgada,PT,2021-11-22 21:28:20,37.7333,-25.6667,66.51,88,20,11.5
470,High Level,CA,2021-11-22 21:28:20,58.5169,-117.136,12.31,92,90,3.44
471,Baykit,RU,2021-11-22 21:28:21,61.67,96.37,11.07,95,100,4.65
472,Chapais,CA,2021-11-22 21:28:22,49.7834,-74.8492,13.78,84,100,14.05
473,Noumea,NC,2021-11-22 21:28:22,-22.2763,166.4572,79.0,99,98,5.19
474,Komsomolskiy,UZ,2021-11-22 21:28:24,40.4272,71.7189,38.62,64,0,2.3
475,Vila Velha,BR,2021-11-22 21:28:09,-20.3297,-40.2925,73.35,73,75,1.99
476,Atar,MR,2021-11-22 21:28:25,20.5169,-13.0499,82.85,35,100,7.58
477,Fairbanks,US,2021-11-22 21:24:42,64.8378,-147.7164,3.16,60,90,16.11
478,Torrington,US,2021-11-22 21:28:25,41.8007,-73.1212,46.15,72,100,5.99
479,Tiznit,MA,2021-11-22 21:28:26,29.5833,-9.5,59.77,58,40,2.21
480,Yingcheng,CN,2021-11-22 21:28:26,30.95,113.55,39.25,29,99,1.14
481,Salaya,IN,2021-11-22 21:28:26,22.3167,69.6,80.58,52,28,7.29
482,Nome,US,2021-11-22 21:26:46,64.5011,-165.4064,6.87,47,1,11.5
483,Ahipara,NZ,2021-11-22 21:28:27,-35.1667,173.1667,66.74,68,35,11.48
484,Senneterre,CA,2021-11-22 21:28:27,48.3835,-77.2328,14.22,87,100,11.56
485,Tommot,RU,2021-11-22 21:28:28,58.9564,126.2925,-9.31,92,100,3.53
486,La Ronge,CA,2021-11-22 21:28:28,55.1001,-105.2842,17.85,79,90,10.36
487,Pitimbu,BR,2021-11-22 21:28:29,-7.4706,-34.8086,81.19,71,90,11.34
488,Otane,NZ,2021-11-22 21:28:29,-39.8833,176.6333,61.02,74,59,5.1
489,Hosanagara,IN,2021-11-22 21:28:30,13.9167,75.0667,68.54,96,3,2.82
490,Sartana,UA,2021-11-22 21:28:30,47.1744,37.6927,47.86,25,100,5.1
491,Kavaratti,IN,2021-11-22 21:28:30,10.5669,72.642,80.55,78,62,6.93
492,Coahuayana,MX,2021-11-22 21:28:31,18.7333,-103.6833,90.88,53,5,6.76
493,Westport,US,2021-11-22 21:24:52,41.1415,-73.3579,49.75,66,75,3.0
494,Luena,AO,2021-11-22 21:28:31,-11.7833,19.9167,63.0,96,100,3.58
495,Basco,PH,2021-11-22 21:28:33,20.4487,121.9702,77.05,77,99,32.77
496,Sembe,CG,2021-11-22 21:28:33,1.6481,14.5806,74.41,79,68,2.3
497,Bokoro,TD,2021-11-22 21:28:33,12.3807,17.0568,83.14,20,77,9.37
498,Rosa Zarate,EC,2021-11-22 21:28:34,0.3333,-79.4667,81.36,64,93,6.55
499,Anadyr,RU,2021-11-22 21:28:34,64.75,177.4833,-10.7,77,66,6.71
500,Nikki,BJ,2021-11-22 21:28:35,9.9401,3.2108,78.24,23,65,3.42
501,Oyama,JP,2021-11-22 21:28:35,36.3,139.8,57.58,66,99,5.21
502,Porto Santo,PT,2021-11-22 21:28:35,33.072,-16.3415,68.38,88,40,8.05
503,Binzhou,CN,2021-11-22 21:28:36,37.3667,118.0167,29.95,47,0,7.07
504,Sept-Iles,CA,2021-11-22 21:23:59,50.2001,-66.3821,43.32,97,90,5.99
505,Bathsheba,BB,2021-11-22 21:28:36,13.2167,-59.5167,83.01,69,40,14.97
506,Semey,KZ,2021-11-22 21:28:37,50.4111,80.2275,29.28,85,100,18.72
507,Lasa,IT,2021-11-22 21:28:37,46.6166,10.7002,41.88,92,97,3.74
508,Doctor Arroyo,MX,2021-11-22 21:28:38,23.6667,-100.1833,68.88,44,91,3.36
509,Ola,RU,2021-11-22 21:28:38,59.5833,151.2833,5.14,82,34,13.09
510,Matara,LK,2021-11-22 21:28:38,5.9485,80.5353,75.78,88,92,3.4
511,San Felipe,VE,2021-11-22 21:28:39,10.3399,-68.7425,78.28,88,51,5.08
512,Roald,NO,2021-11-22 21:28:39,62.5833,6.1333,45.91,81,75,8.05
513,Kuryk,KZ,2021-11-22 21:28:39,43.2,51.65,49.1,65,0,7.96
514,Samagaltay,RU,2021-11-22 21:28:40,50.6022,95.0047,7.83,75,100,1.32
515,Karaton,ID,2021-11-22 21:28:40,-6.3424,106.1045,81.95,94,97,5.03
516,Marsh Harbour,BS,2021-11-22 21:28:41,26.5412,-77.0636,78.37,76,0,15.64
517,Palmer,US,2021-11-22 21:28:41,42.1584,-72.3287,46.47,60,100,1.01
518,Raudeberg,NO,2021-11-22 21:28:41,61.9875,5.1352,42.19,91,99,3.0
519,Bogorodskoye,RU,2021-11-22 21:28:42,56.55,37.8833,17.91,93,78,8.3
520,Nelson Bay,AU,2021-11-22 21:28:42,-32.7167,152.15,66.25,94,88,1.99
521,Manama,BH,2021-11-22 21:24:36,26.2154,50.5832,80.35,74,0,8.05
522,Turayf,SA,2021-11-22 21:28:43,31.6725,38.6637,50.25,100,0,4.61
523,Kundla,IN,2021-11-22 21:28:43,21.3333,71.3,78.98,69,7,4.47
524,Adre,TD,2021-11-22 21:28:43,13.4667,22.2,72.03,22,67,11.59
525,Banjar,ID,2021-11-22 21:28:44,-8.19,114.9675,78.66,91,34,2.28
526,Rawson,AR,2021-11-22 21:28:44,-43.3002,-65.1023,53.74,50,60,18.05
527,Rio Grande,BR,2021-11-22 21:24:14,-32.035,-52.0986,89.71,58,27,8.14
528,Takoradi,GH,2021-11-22 21:28:45,4.8845,-1.7554,79.56,84,64,7.16
529,Tahoua,NE,2021-11-22 21:28:45,14.8888,5.2692,84.18,20,0,6.91
530,Nhulunbuy,AU,2021-11-22 21:25:14,-12.2333,136.7667,81.21,78,32,0.0
531,Sivaki,RU,2021-11-22 21:28:46,52.6333,126.75,11.52,91,100,16.69
532,Ribas Do Rio Pardo,BR,2021-11-22 21:24:42,-20.4431,-53.7592,87.21,52,11,5.17
533,Egvekinot,RU,2021-11-22 21:28:47,66.3167,-179.1667,-8.1,80,3,10.83
534,Barra,BR,2021-11-22 21:28:48,-11.0894,-43.1417,86.23,42,96,5.48
535,Salmas,IR,2021-11-22 21:28:48,38.1973,44.7653,36.59,69,1,2.35
536,Jati,PK,2021-11-22 21:28:49,24.3539,68.2671,73.17,13,1,4.72
537,Pong,TH,2021-11-22 21:26:11,19.1493,100.2752,70.14,94,28,1.41
538,Kusatsu,JP,2021-11-22 21:28:49,35.0167,135.9667,46.83,74,12,9.13
539,Leh,IN,2021-11-22 21:28:50,34.1667,77.5833,14.77,51,0,4.07
540,Petrolina,BR,2021-11-22 21:27:18,-9.3986,-40.5008,91.45,43,20,5.75
541,Plettenberg Bay,ZA,2021-11-22 21:28:50,-34.0527,23.3716,61.32,90,100,9.53
542,Mandiana,GN,2021-11-22 21:28:51,10.6333,-8.6833,78.31,25,42,4.7
543,Bani Walid,LY,2021-11-22 21:28:51,31.7566,13.9942,64.24,60,5,8.34
544,Kalabo,ZM,2021-11-22 21:28:51,-14.97,22.6814,68.9,79,100,3.85
545,Wabrzezno,PL,2021-11-22 21:28:52,53.2799,18.9477,37.09,87,79,5.82
546,Ajaccio,FR,2021-11-22 21:28:52,42.0,8.9167,51.85,93,75,9.22
547,Provost,CA,2021-11-22 21:28:53,52.3501,-110.2683,38.62,83,100,8.52
548,Tilichiki,RU,2021-11-22 21:28:53,60.4667,166.1,2.14,90,100,10.25
549,Lata,PT,2021-11-22 21:28:53,40.1629,-8.3327,48.81,78,2,0.67
550,Bernalda,IT,2021-11-22 21:28:54,40.4128,16.692,57.76,96,5,4.41
551,Prince Rupert,CA,2021-11-22 21:28:54,54.3161,-130.3201,44.29,76,90,12.66
552,Teguldet,RU,2021-11-22 21:28:55,57.3064,88.1667,31.41,76,100,17.69
553,Yakymivka,UA,2021-11-22 21:28:55,46.6897,35.1536,50.32,84,100,2.73
554,Pierre,US,2021-11-22 21:28:56,44.3683,-100.351,55.85,35,83,1.01
555,Poya,NC,2021-11-22 21:28:56,-21.35,165.15,80.55,67,100,2.42
556,Menongue,AO,2021-11-22 21:28:57,-14.6585,17.691,62.82,75,97,3.78
557,Baherden,TM,2021-11-22 21:28:57,38.4362,57.4316,55.74,42,87,4.7
558,Calamar,CO,2021-11-22 21:28:57,10.2511,-74.9146,85.95,70,100,3.51
559,Doka,SD,2021-11-22 21:28:58,13.5167,35.7667,81.18,39,33,12.19
560,Salta,AR,2021-11-22 21:28:58,-24.7859,-65.4117,91.99,28,40,4.0
561,Esso,RU,2021-11-22 21:28:58,55.9333,158.7,15.01,97,97,3.8
